[
  {
    "name": "theme_info",
    "theme_name": "Minimog - OS 2.0",
    "theme_version": "4.0.0",
    "theme_author": "FOXECOM",
    "theme_documentation_url": "https://docs.minimog.co/",
    "theme_support_url": "https://minimog.co"
  },
  {
    "name": "General Settings",
    "settings": [
      {
        "type": "header",
        "content": "Favicon"
      },
      {
        "type": "checkbox",
        "id": "use_favicon",
        "label": "Use favicon icon (32px x 32px)",
        "default": true
      },
      {
        "type": "image_picker",
        "id": "favicon",
        "label": "Image favicon",
        "info": "Will be scaled down to 32 x 32px"
      },
      {
        "type": "header",
        "content": "Ajax \"ADD TO CART\""
      },
      {
        "type": "checkbox",
        "id": "use_ajax_atc",
        "label": "Enable ajax \"ADD TO CART\"",
        "default": true
      },
      {
        "type": "header",
        "content": "Scroll to top button"
      },
      {
        "type": "checkbox",
        "id": "show_scroll_top_button",
        "label": "Show scroll to top button",
        "default": true
      },
      {
        "type": "header",
        "content": "Right-to-Left support"
      },
      {
        "type": "checkbox",
        "id": "enable_rtl",
        "label": "Enable RTL",
        "default": false
      },
      {
        "type": "text",
        "id": "language_support_rtl",
        "label": "Languages support RTL",
        "default": "he,ar",
        "info": "Enter ISO language code, separate by comma. Leave blank to enable for all languages. [Check ISO language code](https://www.loc.gov/standards/iso639-2/php/code_list.php)"
      }
    ]
  },
  {
    "name": "Layout Settings",
    "settings": [
      {
        "type": "header",
        "content": "Fixed width container"
      },
      {
        "type": "range",
        "id": "container_width",
        "label": "Container width",
        "default": 1280,
        "min": 1100,
        "max": 1900,
        "step": 10,
        "unit": "px"
      },
      {
        "type": "header",
        "content": "Fluid container",
        "info": "A section with \"Fluid container\" will take-up the complete width of the viewport and will expand or shrink when ever the viewport is resized."
      },
      {
        "type": "range",
        "id": "container_fluid_width",
        "label": "Container max-width",
        "default": 1620,
        "min": 1280,
        "max": 2560,
        "step": 20,
        "unit": "px"
      },
      {
        "type": "range",
        "id": "container_fluid_offset",
        "label": "Margin left & right",
        "default": 95,
        "min": 0,
        "max": 150,
        "step": 5,
        "unit": "px"
      }
    ]
  },
  {
		"name": "Animations",
		"settings": [
			{
        "type": "checkbox",
        "id": "page_transition",
        "default": true,
        "label": "Enable page transition"
      },
			{
				"type": "header",
				"content": "Visible in the view"
			},
			{
				"type": "select",
				"id": "animations",
				"label": "Animation",
				"default": "none",
				"options": [
					{"value": "none", "label": "None"},
					{"value": "fade-in", "label": "Fade in"},
					{"value": "fade-in-up", "label": "Fade in up"},
					{"value": "fade-in-left", "label": "Fade in left"},
					{"value": "fade-in-right", "label": "Fade in right"}
				]
			},
			{
				"type": "range",
				"id": "animation_duration",
				"label": "Duration",
				"default": 0.6,
				"min": 0.1,
				"max": 1,
				"unit": "(s)",
				"step": 0.1
			}
		]
	},
  {
    "name": "Section",
    "settings": [
      {
        "type": "header",
        "content": "Spacing"
      },
      {
        "type": "range",
        "id": "spacing_sections",
        "min": 0,
        "max": 250,
        "step": 5,
        "default": 100,
        "unit": "px",
        "label": "Space between sections"
      },
      {
        "type": "range",
        "id": "spacing_sections_mobile",
        "min": 0,
        "max": 60,
        "step": 2,
        "default": 48,
        "unit": "px",
        "label": "Space between sections on mobile"
      }
    ]
  },
  {
    "name": "Colors",
    "settings": [
      {
        "type": "header",
        "content": "Accent Colors"
      },
      {
        "type": "color",
        "id": "color_primary",
        "label": "Primary accent",
        "default": "#000"
      },
      {
        "type": "header",
        "content": {
          "en": "Background Colors"
        }
      },
      {
        "type": "color",
        "id": "color_main_bg",
        "label": "Main background",
        "default": "#ffffff"
      },
      {
        "type": "color",
        "id": "color_field_bg",
        "label": "Form field background",
        "default": "#f8f8f8"
      },
      {
        "type": "header",
        "content": {
          "en": "Text Colors"
        }
      },
      {
        "type": "color",
        "id": "color_body_text",
        "label": "Body text",
        "default": "#161d25"
      },
      {
        "type": "color",
        "id": "color_heading_text",
        "label": "Heading texts",
        "default": "#171717"
      },
      {
        "type": "color",
        "id": "color_sub_text",
        "label": "Sub texts",
        "default": "#9A9A9A"
      },
      {
        "type": "color",
        "id": "color_text_link",
        "label": "Text link",
        "default": "#000000"
      },
      {
        "type": "color",
        "id": "color_text_link_hover",
        "label": "Text link hover",
        "default": "#999999"
      },
      {
        "type": "color",
        "id": "color_form_field",
        "label": "Text form field",
        "default": "#000000"
      },
      {
        "type": "header",
        "content": {
          "en": "Primary button"
        }
      },
      {
        "type": "color",
        "id": "color_btn_bg",
        "label": "Background",
        "default": "#000000"
      },
      {
        "type": "color",
        "id": "color_btn_text",
        "label": "Text",
        "default": "#ffffff"
      },
      {
        "type": "header",
        "content": {
          "en": "Secondary button"
        }
      },
      {
        "type": "color",
        "id": "color_btn_secondary_border",
        "label": "Border",
        "default": "#000000"
      },
      {
        "type": "color",
        "id": "color_btn_secondary_text",
        "label": "Text",
        "default": "#000000"
      },
      {
        "type": "header",
        "content": {
          "en": "Button hover"
        }
      },
      {
        "type": "color",
        "id": "color_btn_bg_hover",
        "label": "Background & border",
        "default": "#222222"
      },
      {
        "type": "color",
        "id": "color_btn_text_hover",
        "label": "Text",
        "default": "#ffffff"
      },
      {
        "type": "header",
        "content": {
          "en": "Product colors"
        }
      },
      {
        "type": "color",
        "id": "product_title_color",
        "label": "Product title",
        "default": "#000000"
      },
      {
        "type": "color",
        "id": "prod_sale_price_color",
        "label": "Sale price",
        "default": "#9b9b9b"
      },
      {
        "type": "color",
        "id": "prod_regular_price_color",
        "label": "Regular price",
        "default": "#000000"
      },
      {
        "type": "color",
        "id": "prod_type_color",
        "label": "Product vendor, collection",
        "default": "#9b9b9b"
      },
      {
        "type": "color",
        "id": "prod_desc_color",
        "label": "Product description, details",
        "default": "#666666"
      },
      {
        "type": "header",
        "content": {
          "en": "Announcement bar colors"
        }
      },
      {
        "type": "color",
        "id": "color_annoucement_bg",
        "label": "Background color",
        "default": "#000"
      },
      {
        "type": "color",
        "id": "color_annoucement_text",
        "label": "Text",
        "default": "#fff"
      },
      {
        "type": "header",
        "content": {
          "en": "Top bar colors"
        }
      },
      {
        "type": "color",
        "id": "color_topbar_bg",
        "label": "Background color",
        "default": "#000"
      },
      {
        "type": "color",
        "id": "color_topbar_text",
        "label": "Texts & icons",
        "default": "#fff"
      },
      {
        "type": "header",
        "content": {
          "en": "Header Colors"
        }
      },
      {
        "type": "color",
        "id": "color_header_bg",
        "label": "Background color",
        "default": "#fff"
      },
      {
        "type": "color",
        "id": "color_header_link",
        "label": "Texts & icons",
        "default": "#171717"
      },
      {
        "type": "color",
        "id": "color_header_transparent",
        "label": "Texts & icons on transparent header",
        "default": "#171717"
      },
      {
        "type": "color",
        "id": "color_cart_wishlist_count",
        "label": "Cart & wishlist count color",
        "default": "#ffffff"
      },
      {
        "type": "color",
        "id": "bg_cart_wishlist_count",
        "label": "Cart & wishlist count background",
        "default": "#000000"
      },
      {
        "type": "header",
        "content": {
          "en": "Menu Bar Colors"
        },
        "info": "For header design where Menu and Logo are in 2 lines"
      },
      {
        "type": "color",
        "id": "color_menu_bar_bg",
        "label": "Background color",
        "default": "#000"
      },
      {
        "type": "color",
        "id": "color_menu_bar_text",
        "label": "Texts",
        "default": "#fff"
      },
      {
        "type": "header",
        "content": {
          "en": "Footer Colors"
        }
      },
      {
        "type": "color",
        "id": "color_footer_bg",
        "label": "Background color",
        "default": "#efeded"
      },
      {
        "type": "color",
        "id": "color_footer_text",
        "label": "Text color",
        "default": "#000"
      },
      {
        "type": "color",
        "id": "color_footer_subtext",
        "label": "Subtext color",
        "default": "#666666"
      },
      {
        "type": "color",
        "id": "color_footer_link",
        "label": "Link color",
        "default": "#666666"
      },
      {
        "type": "color",
        "id": "color_footer_link_hover",
        "label": "Link color hover",
        "default": "#000"
      },
      {
        "type": "color",
        "id": "color_footer_bg_mb",
        "label": "Mobile background color",
        "default": "#F5F5F5"
      },
      {
        "type": "header",
        "content": {
          "en": "Footer Bottom Colors"
        }
      },
      {
        "type": "color",
        "id": "color_footer_bottom_bg",
        "label": "Background color",
        "default": "#efeded"
      },
      {
        "type": "color",
        "id": "color_footer_bottom_text",
        "label": "Text color",
        "default": "#000"
      },
      {
        "type": "color",
        "id": "color_footer_bottom_bg_mb",
        "label": "Mobile background color",
        "default": "#F5F5F5"
      },
      {
        "type": "header",
        "content": {
          "en": "Border Colors"
        }
      },
      {
        "type": "color",
        "id": "color_border",
        "label": "Border",
        "default": "#EEEEE0"
      },
      {
        "type": "header",
        "content": {
          "en": "Image overlay"
        }
      },
      {
        "type": "color",
        "id": "img_overlay_bg",
        "label": "Background",
        "default": "#000000"
      },
      {
        "type": "range",
        "id": "img_overlay_opacity",
        "label": "Opacity",
        "default": 40,
        "min": 0,
        "max": 100,
        "step": 1,
        "unit": "%"
      },
      {
        "type": "header",
        "content": {
          "en": "Tooltip"
        }
      },
      {
        "type": "color",
        "id": "tooltip_background_color",
        "label": "Background color",
        "default": "#000000"
      },
      {
        "type": "color",
        "id": "tooltip_text_color",
        "label": "Text color",
        "default": "#ffffff"
      }
    ]
  },
  {
    "name": {
      "cs": "Typografie",
      "da": "Typografi",
      "de": "Typographie",
      "en": "Typography",
      "es": "Tipografía",
      "fi": "Typografia",
      "fr": "Typographie",
      "it": "Caratteri tipografici",
      "ja": "文字体裁",
      "ko": "입력 체계",
      "nb": "Typografi",
      "nl": "Typografie",
      "pl": "Typografia",
      "pt-BR": "Tipografia",
      "pt-PT": "Tipografia",
      "sv": "Typografi",
      "th": "ตัวพิมพ์",
      "tr": "Tipografi",
      "vi": "Kiểu chữ",
      "zh-CN": "版式",
      "zh-TW": "印刷樣式"
    },
    "settings": [
      {
        "type": "header",
        "content": {
          "cs": "Základní text",
          "da": "Brødtekst",
          "de": "Body-Text",
          "en": "BODY TEXT",
          "es": "Texto del cuerpo",
          "fi": "Leipäteksti",
          "fr": "Corps du texte",
          "it": "Corpo del testo",
          "ja": "本文",
          "ko": "본문 텍스트",
          "nb": "Brødtekst",
          "nl": "Hoofdtekst",
          "pl": "Tekst podstawowy",
          "pt-BR": "Corpo do texto",
          "pt-PT": "Corpo de texto",
          "sv": "Brödtext",
          "th": "ข้อความเนื้อหา",
          "tr": "Gövde metni",
          "vi": "Văn bản nội dung",
          "zh-CN": "正文文本",
          "zh-TW": "內文"
        }
      },
      {
        "type": "font_picker",
        "id": "type_base_font",
        "label": {
          "cs": "Písmo",
          "da": "Skrifttype",
          "de": "Schriftart",
          "en": "Font",
          "es": "Fuente",
          "fi": "Fontti",
          "fr": "Police",
          "it": "Font",
          "ja": "フォント",
          "ko": "글꼴",
          "nb": "Skrifttype",
          "nl": "Lettertype",
          "pl": "Czcionka",
          "pt-BR": "Fonte",
          "pt-PT": "Tipo de letra",
          "sv": "Typsnitt",
          "th": "แบบอักษร",
          "tr": "Yazı tipi",
          "vi": "Phông chữ",
          "zh-CN": "字体",
          "zh-TW": "字型"
        },
        "default": "helvetica_n4"
      },
      {
        "type": "checkbox",
        "id": "use_custom_font_body",
        "label": "Use custom font",
        "default": false
      },
      {
        "type": "header",
        "content": "Custom font for Body text"
      },
      {
        "id": "custom_body_font",
        "type": "textarea",
        "label": "Font URL",
        "placeholder": "https://cdn.shopify.com/s/files/1/0075/1288/3285/files/roboto.woff2@400",
        "info": "Format: Link_to_font@font_weight"
      },
      {
        "id": "custom_body_weight",
        "type": "select",
        "label": "Default font weight",
        "default": "400",
        "options": [
          {
            "value": "100",
            "label": "Thin 100"
          },
          {
            "value": "200",
            "label": "Extra-light 200"
          },
          {
            "value": "300",
            "label": "Light 300"
          },
          {
            "value": "400",
            "label": "Regular 400"
          },
          {
            "value": "500",
            "label": "Medium 500"
          },
          {
            "value": "600",
            "label": "Semi-bold 600"
          },
          {
            "value": "700",
            "label": "Bold 700"
          },
          {
            "value": "800",
            "label": "Extra-bold 800"
          },
          {
            "value": "900",
            "label": "Black 900"
          }
        ]
      },
      {
        "type": "range",
        "id": "type_base_size",
        "label": {
          "cs": "Základní velikost",
          "da": "Basisstørrelse",
          "de": "Größe",
          "en": "Base size",
          "es": "Tamaño de base",
          "fi": "Peruskoko",
          "fr": "Dimensions de base",
          "it": "Dimensione base",
          "ja": "基本サイズ",
          "ko": "기본 사이즈",
          "nb": "Grunnstørrelse",
          "nl": "Basisafmeting",
          "pl": "Rozmiar podstawowy",
          "pt-BR": "Tamanho básico",
          "pt-PT": "Tamanho básico",
          "sv": "Basstorlek",
          "th": "ขนาดพื้นฐาน",
          "tr": "Temel boyutu",
          "vi": "Cỡ cơ sở",
          "zh-CN": "基本尺寸",
          "zh-TW": "基本尺寸"
        },
        "default": 16,
        "min": 14,
        "max": 20,
        "step": 1,
        "unit": "px"
      },
      {
        "type": "range",
        "id": "type_base_line_height",
        "label": "Line height",
        "default": 28,
        "min": 14,
        "max": 100,
        "step": 1,
        "unit": "px"
      },
      {
        "type": "header",
        "content": {
          "cs": "Nadpisy a tlačítka",
          "da": "Overskrifter",
          "de": "Titel",
          "en": "HEADINGS",
          "es": "Títulos",
          "fi": "Otsikot",
          "fr": "En-têtes",
          "it": "Titoli",
          "ja": "見出し",
          "ko": "제목",
          "nb": "Overskrifter",
          "nl": "Koppen",
          "pl": "Nagłówki",
          "pt-BR": "Títulos",
          "pt-PT": "Títulos",
          "sv": "Rubriker",
          "th": "หัวเรื่องแล",
          "tr": "Başlıklar",
          "vi": "Tiêu đề",
          "zh-CN": "标题",
          "zh-TW": "標題"
        }
      },
      {
        "type": "font_picker",
        "id": "type_header_font",
        "label": {
          "cs": "Písmo",
          "da": "Skrifttype",
          "de": "Schriftart",
          "en": "Font",
          "es": "Fuente",
          "fi": "Fontti",
          "fr": "Police",
          "it": "Font",
          "ja": "フォント",
          "ko": "글꼴",
          "nb": "Skrifttype",
          "nl": "Lettertype",
          "pl": "Czcionka",
          "pt-BR": "Fonte",
          "pt-PT": "Tipo de letra",
          "sv": "Typsnitt",
          "th": "แบบอักษร",
          "tr": "Yazı tipi",
          "vi": "Phông chữ",
          "zh-CN": "字体",
          "zh-TW": "字型"
        },
        "default": "helvetica_n7"
      },
      {
        "type": "checkbox",
        "id": "use_custom_font_heading",
        "label": "Use custom font",
        "default": false
      },
      {
        "type": "header",
        "content": "Custom font for Headings"
      },
      {
        "type": "paragraph",
        "content": "Allow multiple links, each link in a new line. Please upload to [Shopify files](/admin/settings/files) and paste link here. These formats TTF, OTF, WOFF & WOFF2 are supported."
      },
      {
        "id": "custom_heading_font",
        "type": "textarea",
        "label": "Font file URLS",
        "placeholder": "https://cdn.shopify.com/s/files/1/0075/1288/3285/files/roboto.woff2@400",
        "info": "Format: Link_to_font@font_weight"
      },
      {
        "id": "custom_heading_weight",
        "type": "select",
        "label": "Default font weight",
        "default": "400",
        "options": [
          {
            "value": "100",
            "label": "Thin 100"
          },
          {
            "value": "200",
            "label": "Extra-light 200"
          },
          {
            "value": "300",
            "label": "Light 300"
          },
          {
            "value": "400",
            "label": "Regular 400"
          },
          {
            "value": "500",
            "label": "Medium 500"
          },
          {
            "value": "600",
            "label": "Semi-bold 600"
          },
          {
            "value": "700",
            "label": "Bold 700"
          },
          {
            "value": "800",
            "label": "Extra-bold 800"
          },
          {
            "value": "900",
            "label": "Black 900"
          }
        ]
      },
      {
        "type": "range",
        "id": "h1_font_size",
        "label": "H1 font size",
        "default": 60,
        "min": 20,
        "max": 120,
        "step": 1,
        "unit": "px"
      },
      {
        "type": "range",
        "id": "h2_font_size",
        "label": "H2 font size",
        "default": 42,
        "min": 20,
        "max": 100,
        "step": 1,
        "unit": "px"
      },
      {
        "type": "range",
        "id": "type_header_base_size",
        "label": "H3 font size",
        "default": 36,
        "min": 14,
        "max": 80,
        "step": 1,
        "unit": "px"
      },
      {
        "type": "range",
        "id": "h4_font_size",
        "label": "H4 font size",
        "default": 24,
        "min": 14,
        "max": 60,
        "step": 1,
        "unit": "px"
      },
      {
        "type": "range",
        "id": "type_header_spacing",
        "label": {
          "en": "Letter spacing"
        },
        "default": 0,
        "min": 0,
        "max": 10,
        "step": 1,
        "unit": "px"
      },
      {
        "type": "header",
        "content": "BUTTONS"
      },
      {
        "type": "paragraph",
        "content": "The button font is inherited from body text."
      },
      {
        "type": "checkbox",
        "id": "btn_uppercase_text",
        "label": {
          "en": "Uppercase text label"
        },
        "default": false
      },
      {
        "type": "range",
        "id": "btn_base_size",
        "label": {
          "en": "Font size"
        },
        "default": 16,
        "min": 14,
        "max": 20,
        "step": 1,
        "unit": "px"
      },
      {
        "type": "range",
        "id": "btn_letter_spacing",
        "label": {
          "en": "Letter spacing"
        },
        "default": 0,
        "min": 0,
        "max": 20,
        "step": 1,
        "unit": "px"
      },
      {
        "type": "range",
        "id": "btn_border_width",
        "label": "Border width",
        "default": 1,
        "min": 1,
        "max": 5,
        "step": 1,
        "unit": "px"
      },
      {
        "type": "range",
        "id": "btn_border_radius",
        "label": {
          "en": "Border radius"
        },
        "default": 5,
        "min": 0,
        "max": 100,
        "step": 1,
        "unit": "px"
      },
      {
        "type": "range",
        "id": "btn_line_height",
        "label": {
          "en": "Line height"
        },
        "default": 23,
        "min": 1,
        "max": 50,
        "step": 1,
        "unit": "px"
      },
      {
        "id": "btn_weight",
        "type": "select",
        "label": "Font weight",
        "default": "500",
        "options": [
          {
            "value": "100",
            "label": "Thin 100"
          },
          {
            "value": "200",
            "label": "Extra-light 200"
          },
          {
            "value": "300",
            "label": "Light 300"
          },
          {
            "value": "400",
            "label": "Regular 400"
          },
          {
            "value": "500",
            "label": "Medium 500"
          },
          {
            "value": "600",
            "label": "Semi-bold 600"
          },
          {
            "value": "700",
            "label": "Bold 700"
          },
          {
            "value": "800",
            "label": "Extra-bold 800"
          },
          {
            "value": "900",
            "label": "Black 900"
          }
        ]
      }
    ]
  },
  {
    "name": "Product Card",
    "settings": [
      {
        "type": "header",
        "content": "Layout"
      },
      {
        "type": "select",
        "id": "pcard_layout",
        "label": "Card style",
        "default": "1",
        "options": [
          {
            "value": "1",
            "label": "Style 1"
          },
          {
            "value": "2",
            "label": "Style 2"
          },
          {
            "value": "3",
            "label": "Style 3"
          },
          {
            "value": "4",
            "label": "Style 4"
          },
          {
            "value": "5",
            "label": "Style 5"
          }
        ]
      },
      {
        "type": "select",
        "id": "pcard_alignment",
        "label": "Content alignment",
        "default": "left",
        "options": [
          {
            "value": "left",
            "label": "Left"
          },
          {
            "value": "center",
            "label": "Center"
          },
          {
            "value": "right",
            "label": "Right"
          }
        ]
      },
      {
        "type": "header",
        "content": "Image"
      },
      {
        "type": "select",
        "id": "pcard_image_ratio",
        "label": "Aspect ratio",
        "default": "original",
        "options": [
          {
            "value": "original",
            "label": "Adapt to image"
          },
          {
            "value": "1/1",
            "label": "1:1"
          },
          {
            "value": "3/4",
            "label": "3:4"
          },
          {
            "value": "4/3",
            "label": "4:3"
          },
          {
            "value": "16/9",
            "label": "16:9"
          }
        ]
      },
      {
        "type": "checkbox",
        "id": "show_second_img",
        "label": "Show second image on hover",
        "default": true
      },
      {
        "type": "image_picker",
        "id": "pcard_default_image",
        "label": "Default thumbnail",
        "info": "For products without images"
      },
      {
        "type": "header",
        "content": "Variant options"
      },
      {
        "type": "checkbox",
        "id": "show_swatch_option",
        "label": "Show variant options",
        "info": "Product card is limited to showing only 1 option",
        "default": true
      },
      {
        "type": "text",
        "id": "pcard_option_name",
        "label": "Option name",
        "default": "Color",
        "info": "Example: Color, Size, Material..."
      },
      {
        "type": "select",
        "id": "pcard_option_design",
        "label": "Option design",
        "default": "color",
        "options": [
          {
            "value": "default",
            "label": "Custom Image"
          },
          {
            "value": "color",
            "label": "Color"
          },
          {
            "value": "image",
            "label": "Variant Image"
          },
          {
            "value": "button",
            "label": "Button"
          },
          {
            "value": "dropdown",
            "label": "Dropdown"
          }
        ]
      },
      {
        "type": "range",
        "id": "pcard_limit_values_number",
        "min": 0,
        "max": 20,
        "step": 1,
        "label": "Number of option's values to display",
        "info": "Set to 0 to display all option's values",
        "default": 4
      },
      {
        "type": "header",
        "content": "Content"
      },
      {
        "type": "checkbox",
        "id": "show_cart_button",
        "label": "Show Add To Cart button",
        "default": true
      },
      {
        "type": "checkbox",
        "id": "show_quickview_button",
        "label": "Show Quickview button",
        "default": true
      },
      {
        "type": "checkbox",
        "id": "show_wishlist_button",
        "label": "Show Wishlist button",
        "default": true
      },
      {
        "type": "checkbox",
        "id": "show_compare_button",
        "label": "Show Compare button",
        "default": true
      },
      {
        "type": "checkbox",
        "id": "show_countdown",
        "label": "Show countdown",
        "default": false
      },
      {
        "type": "select",
        "id": "select_option_button_action",
        "label": "When click Select options button",
        "default": "popup",
        "options": [
          {
            "value": "popup",
            "label": "Open select options popup"
          },
          {
            "value": "link",
            "label": "Go to product page"
          }
        ]
      },
      {
        "type": "header",
        "content": "Badges"
      },
      {
        "type": "select",
        "id": "on_sale_badge",
        "label": "Sale badge",
        "default": "hide",
        "options": [
          {
            "value": "hide",
            "label": "Hide"
          },
          {
            "value": "show_text",
            "label": "Show text"
          },
          {
            "value": "show_percentage",
            "label": "Show % discounted"
          }
        ]
      },
      {
        "type": "checkbox",
        "id": "show_badge_soldout",
        "label": "Show sold out badge",
        "default": true
      },
      {
        "type": "checkbox",
        "id": "show_review_badge",
        "label": "Show reviews badge",
        "default": false
      },
      {
        "type": "checkbox",
        "id": "show_badge_sale",
        "label": "Show custom tag badges",
        "info": "How to set up custom product tags? [See how](https://docs.minimog.co/collections-and-products/product-page/product-tag).",
        "default": false
      },
      {
        "type": "header",
        "content": "Product title"
      },
      {
        "type": "checkbox",
        "id": "show_vendor",
        "label": "Show vendor",
        "default": false
      },
      {
        "type": "checkbox",
        "id": "uppercase_prd_name",
        "label": "Capitalize product name",
        "default": false
      },
      {
        "type": "select",
        "id": "pcard_title_line_clamp",
        "label": "Product title line limit",
        "default": "unset",
        "options": [
          {
            "value": "unset",
            "label": "No limit"
          },
          {
            "value": "1",
            "label": "1 line"
          },
          {
            "value": "2",
            "label": "2 lines"
          },
          {
            "value": "3",
            "label": "3 lines"
          }
        ]
      },
      {
        "type": "header",
        "content": "Product prices"
      },
      {
        "type": "checkbox",
        "id": "pcard_show_lowest_prices",
        "label": "Show lowest prices",
        "default": false
      }
    ]
  },
  {
    "name": "Product Options Design",
    "settings": [
      {
        "type": "header",
        "content": "Default Option Design"
      },
      {
        "type": "select",
        "id": "variant_option_design_default",
        "label": "Design",
        "options": [
          {
            "value": "default",
            "label": "Custom Image"
          },
          {
            "value": "color",
            "label": "Color"
          },
          {
            "value": "image",
            "label": "Variant Image"
          },
          {
            "value": "button",
            "label": "Button"
          },
          {
            "value": "dropdown",
            "label": "Dropdown"
          }
        ],
        "default": "button",
        "info": "Default design if option's name doesn't match any of the 5 names in the below settings"
      },
      {
        "type": "header",
        "content": "Option 1"
      },
      {
        "type": "text",
        "id": "variant_option_title1",
        "label": "Name",
        "default": "Size"
      },
      {
        "type": "select",
        "id": "variant_option_design1",
        "label": "Design",
        "options": [
          {
            "value": "default",
            "label": "Custom Image"
          },
          {
            "value": "color",
            "label": "Color"
          },
          {
            "value": "image",
            "label": "Variant Image"
          },
          {
            "value": "button",
            "label": "Button"
          },
          {
            "value": "dropdown",
            "label": "Dropdown"
          }
        ],
        "default": "button"
      },
      {
        "type": "text",
        "id": "variant_option_display_name1",
        "label": "Alternative name",
        "info": "Example: Select a Size"
      },
      {
        "type": "header",
        "content": "Option 2"
      },
      {
        "type": "text",
        "id": "variant_option_title2",
        "label": "Name",
        "default": "Color"
      },
      {
        "type": "select",
        "id": "variant_option_design2",
        "label": "Design",
        "options": [
          {
            "value": "default",
            "label": "Custom Image"
          },
          {
            "value": "color",
            "label": "Color"
          },
          {
            "value": "image",
            "label": "Variant Image"
          },
          {
            "value": "button",
            "label": "Button"
          },
          {
            "value": "dropdown",
            "label": "Dropdown"
          }
        ],
        "default": "color"
      },
      {
        "type": "text",
        "id": "variant_option_display_name2",
        "label": "Alternative name",
        "info": "Example: Select a color"
      },
      {
        "type": "header",
        "content": "Option 3"
      },
      {
        "type": "text",
        "id": "variant_option_title3",
        "label": "Name",
        "default": "Material"
      },
      {
        "type": "select",
        "id": "variant_option_design3",
        "label": "Design",
        "options": [
          {
            "value": "default",
            "label": "Custom Image"
          },
          {
            "value": "color",
            "label": "Color"
          },
          {
            "value": "image",
            "label": "Variant Image"
          },
          {
            "value": "button",
            "label": "Button"
          },
          {
            "value": "dropdown",
            "label": "Dropdown"
          }
        ],
        "default": "dropdown"
      },
      {
        "type": "text",
        "id": "variant_option_display_name3",
        "label": "Alternative name",
        "info": "Example: Select a Material"
      },
      {
        "type": "header",
        "content": "Option 4"
      },
      {
        "type": "text",
        "id": "variant_option_title4",
        "label": "Name",
        "default": "Brand"
      },
      {
        "type": "select",
        "id": "variant_option_design4",
        "label": "Design",
        "options": [
          {
            "value": "default",
            "label": "Custom Image"
          },
          {
            "value": "color",
            "label": "Color"
          },
          {
            "value": "image",
            "label": "Variant Image"
          },
          {
            "value": "button",
            "label": "Button"
          },
          {
            "value": "dropdown",
            "label": "Dropdown"
          }
        ],
        "default": "dropdown"
      },
      {
        "type": "text",
        "id": "variant_option_display_name4",
        "label": "Alternative name",
        "info": "Example: Select a Brand"
      },
      {
        "type": "header",
        "content": "Option 5"
      },
      {
        "type": "text",
        "id": "variant_option_title5",
        "label": "Name",
        "default": "Type"
      },
      {
        "type": "select",
        "id": "variant_option_design5",
        "label": "Design",
        "options": [
          {
            "value": "default",
            "label": "Custom Image"
          },
          {
            "value": "color",
            "label": "Color"
          },
          {
            "value": "image",
            "label": "Variant Image"
          },
          {
            "value": "button",
            "label": "Button"
          },
          {
            "value": "dropdown",
            "label": "Dropdown"
          }
        ],
        "default": "default"
      },
      {
        "type": "text",
        "id": "variant_option_display_name5",
        "label": "Alternative name",
        "info": "Example: Select a Type"
      }
    ]
  },
  {
    "name": "Product options swatches",
    "settings": [
      {
        "type": "header",
        "content": "Colors Palette"
      },
      {
        "type": "textarea",
        "id": "product_colors",
        "label": "Custom colors",
        "default": "red: #ff0000,\r\nyellow: #ffff00,\r\nblack: #000000,\r\nblue: #0000FF,\r\ngreen: #00ff00,\r\npurple: #800080,\r\nsilver: #c0c0c0,\r\nwhite: #ffffff,\r\nbrown: #7B3F00,\r\nlight-brown: #feb035,\r\ndark-turquoise: #23cddc,\r\norange: #fe9001,\r\ntan: #eacea7,\r\nviolet: #EE82EE,\r\npink: #FFC0CB,\r\ngrey: #808080",
        "info": "Use Hex color code, see more [Hex color](https://www.color-hex.com/)"
      },
      {
        "type": "header",
        "content": "Custom Images",
        "info": "Required: PNG images only!     Recommended size: 60x60 (px)"
      },
      {
        "type": "text",
        "id": "filter_color1",
        "label": "Option value 1"
      },
      {
        "type": "image",
        "id": "filter_color1.png",
        "label": "Custom image for value 1"
      },
      {
        "type": "text",
        "id": "filter_color2",
        "label": "Option value 2"
      },
      {
        "type": "image",
        "id": "filter_color2.png",
        "label": "Custom image for value 2"
      },
      {
        "type": "text",
        "id": "filter_color3",
        "label": "Option value 3"
      },
      {
        "type": "image",
        "id": "filter_color3.png",
        "label": "Custom image for value 3"
      },
      {
        "type": "text",
        "id": "filter_color4",
        "label": "Option value 4"
      },
      {
        "type": "image",
        "id": "filter_color4.png",
        "label": "Custom image for value 4"
      },
      {
        "type": "text",
        "id": "filter_color5",
        "label": "Option value 5"
      },
      {
        "type": "image",
        "id": "filter_color5.png",
        "label": "Custom image for value 5"
      },
      {
        "type": "text",
        "id": "filter_color6",
        "label": "Option value 6"
      },
      {
        "type": "image",
        "id": "filter_color6.png",
        "label": "Custom image for value 6"
      },
      {
        "type": "text",
        "id": "filter_color7",
        "label": "Option value 7"
      },
      {
        "type": "image",
        "id": "filter_color7.png",
        "label": "Custom image for value 7"
      },
      {
        "type": "text",
        "id": "filter_color8",
        "label": "Option value 8"
      },
      {
        "type": "image",
        "id": "filter_color8.png",
        "label": "Custom image for value 8"
      },
      {
        "type": "text",
        "id": "filter_color9",
        "label": "Option value 9"
      },
      {
        "type": "image",
        "id": "filter_color9.png",
        "label": "Custom image for value 9"
      },
      {
        "type": "text",
        "id": "filter_color10",
        "label": "Option value 10"
      },
      {
        "type": "image",
        "id": "filter_color10.png",
        "label": "Custom image for value10"
      },
      {
        "type": "text",
        "id": "filter_color11",
        "label": "Option value 11"
      },
      {
        "type": "image",
        "id": "filter_color11.png",
        "label": "Custom image for value11"
      },
      {
        "type": "text",
        "id": "filter_color12",
        "label": "Option value 12"
      },
      {
        "type": "image",
        "id": "filter_color12.png",
        "label": "Custom image for value12"
      },
      {
        "type": "text",
        "id": "filter_color13",
        "label": "Option value 13"
      },
      {
        "type": "image",
        "id": "filter_color13.png",
        "label": "Custom image for value13"
      },
      {
        "type": "text",
        "id": "filter_color14",
        "label": "Option value 14"
      },
      {
        "type": "image",
        "id": "filter_color14.png",
        "label": "Custom image for value14"
      },
      {
        "type": "text",
        "id": "filter_color15",
        "label": "Option value 15"
      },
      {
        "type": "image",
        "id": "filter_color15.png",
        "label": "Custom image for value15"
      },
      {
        "type": "text",
        "id": "filter_color16",
        "label": "Option value 16"
      },
      {
        "type": "image",
        "id": "filter_color16.png",
        "label": "Custom image for value16"
      },
      {
        "type": "text",
        "id": "filter_color17",
        "label": "Option value 17"
      },
      {
        "type": "image",
        "id": "filter_color17.png",
        "label": "Custom image for value17"
      },
      {
        "type": "text",
        "id": "filter_color18",
        "label": "Option value 18"
      },
      {
        "type": "image",
        "id": "filter_color18.png",
        "label": "Custom image for value18"
      },
      {
        "type": "text",
        "id": "filter_color19",
        "label": "Option value 19"
      },
      {
        "type": "image",
        "id": "filter_color19.png",
        "label": "Custom image for value19"
      },
      {
        "type": "text",
        "id": "filter_color20",
        "label": "Option value 20"
      },
      {
        "type": "image",
        "id": "filter_color20.png",
        "label": "Custom image for value20"
      },
      {
        "type": "text",
        "id": "filter_color21",
        "label": "Option value 21"
      },
      {
        "type": "image",
        "id": "filter_color21.png",
        "label": "Custom image for value21"
      },
      {
        "type": "text",
        "id": "filter_color22",
        "label": "Option value 22"
      },
      {
        "type": "image",
        "id": "filter_color22.png",
        "label": "Custom image for value22"
      },
      {
        "type": "text",
        "id": "filter_color23",
        "label": "Option value 23"
      },
      {
        "type": "image",
        "id": "filter_color23.png",
        "label": "Custom image for value23"
      },
      {
        "type": "text",
        "id": "filter_color24",
        "label": "Option value 24"
      },
      {
        "type": "image",
        "id": "filter_color24.png",
        "label": "Custom image for value24"
      },
      {
        "type": "text",
        "id": "filter_color25",
        "label": "Option value 25"
      },
      {
        "type": "image",
        "id": "filter_color25.png",
        "label": "Custom image for value25"
      },
      {
        "type": "text",
        "id": "filter_color26",
        "label": "Option value 26"
      },
      {
        "type": "image",
        "id": "filter_color26.png",
        "label": "Custom image for value26"
      },
      {
        "type": "text",
        "id": "filter_color27",
        "label": "Option value 27"
      },
      {
        "type": "image",
        "id": "filter_color27.png",
        "label": "Custom image for value27"
      },
      {
        "type": "text",
        "id": "filter_color28",
        "label": "Option value 28"
      },
      {
        "type": "image",
        "id": "filter_color28.png",
        "label": "Custom image for value28"
      },
      {
        "type": "text",
        "id": "filter_color29",
        "label": "Option value 29"
      },
      {
        "type": "image",
        "id": "filter_color29.png",
        "label": "Custom image for value29"
      },
      {
        "type": "text",
        "id": "filter_color30",
        "label": "Option value 30"
      },
      {
        "type": "image",
        "id": "filter_color30.png",
        "label": "Custom image for value30"
      },
      {
        "type": "text",
        "id": "filter_color31",
        "label": "Option value 31"
      },
      {
        "type": "image",
        "id": "filter_color31.png",
        "label": "Custom image for value31"
      },
      {
        "type": "text",
        "id": "filter_color32",
        "label": "Option value 32"
      },
      {
        "type": "image",
        "id": "filter_color32.png",
        "label": "Custom image for value32"
      },
      {
        "type": "text",
        "id": "filter_color33",
        "label": "Option value 33"
      },
      {
        "type": "image",
        "id": "filter_color33.png",
        "label": "Custom image for value33"
      },
      {
        "type": "text",
        "id": "filter_color34",
        "label": "Option value 34"
      },
      {
        "type": "image",
        "id": "filter_color34.png",
        "label": "Custom image for value34"
      },
      {
        "type": "text",
        "id": "filter_color35",
        "label": "Option value 35"
      },
      {
        "type": "image",
        "id": "filter_color35.png",
        "label": "Custom image for value35"
      },
      {
        "type": "text",
        "id": "filter_color36",
        "label": "Option value 36"
      },
      {
        "type": "image",
        "id": "filter_color36.png",
        "label": "Custom image for value36"
      },
      {
        "type": "text",
        "id": "filter_color37",
        "label": "Option value 37"
      },
      {
        "type": "image",
        "id": "filter_color37.png",
        "label": "Custom image for value37"
      },
      {
        "type": "text",
        "id": "filter_color38",
        "label": "Option value 38"
      },
      {
        "type": "image",
        "id": "filter_color38.png",
        "label": "Custom image for value38"
      },
      {
        "type": "text",
        "id": "filter_color39",
        "label": "Option value 39"
      },
      {
        "type": "image",
        "id": "filter_color39.png",
        "label": "Custom image for value39"
      },
      {
        "type": "text",
        "id": "filter_color40",
        "label": "Option value 40"
      },
      {
        "type": "image",
        "id": "filter_color40.png",
        "label": "Custom image for value40"
      },
      {
        "type": "text",
        "id": "filter_color41",
        "label": "Option value 41"
      },
      {
        "type": "image",
        "id": "filter_color41.png",
        "label": "Custom image for value41"
      },
      {
        "type": "text",
        "id": "filter_color42",
        "label": "Option value 42"
      },
      {
        "type": "image",
        "id": "filter_color42.png",
        "label": "Custom image for value42"
      },
      {
        "type": "text",
        "id": "filter_color43",
        "label": "Option value 43"
      },
      {
        "type": "image",
        "id": "filter_color43.png",
        "label": "Custom image for value43"
      },
      {
        "type": "text",
        "id": "filter_color44",
        "label": "Option value 44"
      },
      {
        "type": "image",
        "id": "filter_color44.png",
        "label": "Custom image for value44"
      },
      {
        "type": "text",
        "id": "filter_color45",
        "label": "Option value 45"
      },
      {
        "type": "image",
        "id": "filter_color45.png",
        "label": "Custom image for value45"
      },
      {
        "type": "text",
        "id": "filter_color46",
        "label": "Option value 46"
      },
      {
        "type": "image",
        "id": "filter_color46.png",
        "label": "Custom image for value46"
      },
      {
        "type": "text",
        "id": "filter_color47",
        "label": "Option value 47"
      },
      {
        "type": "image",
        "id": "filter_color47.png",
        "label": "Custom image for value47"
      },
      {
        "type": "text",
        "id": "filter_color48",
        "label": "Option value 48"
      },
      {
        "type": "image",
        "id": "filter_color48.png",
        "label": "Custom image for value48"
      },
      {
        "type": "text",
        "id": "filter_color49",
        "label": "Option value 49"
      },
      {
        "type": "image",
        "id": "filter_color49.png",
        "label": "Custom image for value49"
      },
      {
        "type": "text",
        "id": "filter_color50",
        "label": "Option value 50"
      },
      {
        "type": "image",
        "id": "filter_color50.png",
        "label": "Custom image for value50"
      }
    ]
  },
  {
    "name": "Article card",
    "settings": [
      {
        "type": "select",
        "id": "article_image_aspect_ratio",
        "label": "Image aspect ratio",
        "default": "16/9",
        "options": [
          {
            "value": "original",
            "label": "Adapt to image"
          },
          {
            "value": "1/1",
            "label": "1:1"
          },
          {
            "value": "3/4",
            "label": "3:4"
          },
          {
            "value": "4/3",
            "label": "4:3"
          },
          {
            "value": "16/9",
            "label": "16:9"
          }
        ]
      },
      {
        "type": "select",
        "id": "article_align_content",
        "label": "Content alignment",
        "default": "text-left",
        "options": [
          {
            "label": "Left",
            "value": "text-left"
          },
          {
            "label": "Center",
            "value": "text-center"
          },
          {
            "label": "Right",
            "value": "text-right"
          }
        ]
      },
      {
        "type": "checkbox",
        "id": "article_show_tags",
        "label": "Show tags",
        "default": true
      },
      {
        "type": "checkbox",
        "id": "article_show_date",
        "label": "Show publised date",
        "default": true
      },
      {
        "type": "checkbox",
        "id": "article_show_excerpt",
        "label": "Show excerpt",
        "default": true
      },
      {
        "type": "checkbox",
        "id": "article_show_button",
        "label": "Show read more link",
        "default": true
      }
    ]
  },
  {
    "name": "Social sharing",
    "settings": [
      {
        "type": "checkbox",
        "id": "social_sharing_blog",
        "label": "Enable sharing for blog articles",
        "default": true
      },
      {
        "type": "checkbox",
        "id": "share_facebook",
        "label": "Share on Facebook",
        "default": true
      },
      {
        "type": "checkbox",
        "id": "share_twitter",
        "label": "Tweet on Twitter",
        "default": true
      },
      {
        "type": "checkbox",
        "id": "share_pinterest",
        "label": "Pin on Pinterest",
        "default": true
      }
    ]
  },
  {
    "name": "Store contact",
    "settings": [
      {
        "type": "text",
        "id": "contact_phone_number",
        "label": "Phone number",
        "default": "+84 (0)387 392 056"
      },
      {
        "type": "text",
        "id": "contact_email",
        "label": "Email",
        "default": "hello@domain.com"
      },
      {
        "type": "page",
        "id": "find_store",
        "label": "Find store page"
      },
      {
        "type": "header",
        "content": "Social links"
      },
      {
        "type": "text",
        "id": "social_twitter_link",
        "label": "Twitter link"
      },
      {
        "type": "text",
        "id": "social_twitter_label",
        "label": "Twitter label"
      },
      {
        "type": "text",
        "id": "social_facebook_link",
        "label": "Facebook link"
      },
      {
        "type": "text",
        "id": "social_facebook_label",
        "label": "Facebook label"
      },
      {
        "type": "text",
        "id": "social_pinterest_link",
        "label": "Pinterest link"
      },
      {
        "type": "text",
        "id": "social_pinterest_label",
        "label": "Pinterest label"
      },
      {
        "type": "text",
        "id": "social_instagram_link",
        "label": "Instagram link"
      },
      {
        "type": "text",
        "id": "social_instagram_label",
        "label": "Instagram label"
      },
      {
        "type": "text",
        "id": "social_snapchat_link",
        "label": "Snapchat link"
      },
      {
        "type": "text",
        "id": "social_snapchat_label",
        "label": "Snapchat label"
      },
      {
        "type": "text",
        "id": "social_tumblr_link",
        "label": "Tumblr link"
      },
      {
        "type": "text",
        "id": "social_tumblr_label",
        "label": "Tumblr label"
      },
      {
        "type": "text",
        "id": "social_youtube_link",
        "label": "Youtube link"
      },
      {
        "type": "text",
        "id": "social_youtube_label",
        "label": "Youtube label"
      },
      {
        "type": "text",
        "id": "social_vimeo_link",
        "label": "Vimeo link"
      },
      {
        "type": "text",
        "id": "social_vimeo_label",
        "label": "Vimeo label"
      },
      {
        "type": "text",
        "id": "social_tiktok_link",
        "label": "Tiktok link"
      },
      {
        "type": "text",
        "id": "social_tiktok_label",
        "label": "Tiktok label"
      },
      {
        "type": "text",
        "id": "social_discord_link",
        "label": "Discord link"
      },
      {
        "type": "text",
        "id": "social_discord_label",
        "label": "Discord label"
      },
      {
        "type": "text",
        "id": "social_whatsapp_link",
        "label": "Whatsapp link"
      },
      {
        "type": "text",
        "id": "social_whatsapp_label",
        "label": "Whatsapp label"
      },
      {
        "type": "text",
        "id": "social_spotify_link",
        "label": "Spotify link"
      },
      {
        "type": "text",
        "id": "social_spotify_label",
        "label": "Spotify label"
      },
      {
        "type": "text",
        "id": "social_linkedin_link",
        "label": "Linkedin link"
      },
      {
        "type": "text",
        "id": "social_linkedin_label",
        "label": "Linkedin label"
      },
      {
        "type": "text",
        "id": "social_line_link",
        "label": "Line link"
      },
      {
        "type": "text",
        "id": "social_line_label",
        "label": "Line label"
      }
    ]
  },
  {
    "name": "Cart settings",
    "settings": [
      {
        "type": "header",
        "content": "Cart drawer"
      },
      {
        "type": "checkbox",
        "id": "enable_cart_drawer",
        "label": "Enable cart drawer",
        "default": true
      },
      {
        "type": "checkbox",
        "id": "cart_drawer_show_accelerated_button",
        "label": "Show accelerated checkout",
        "default": false
      },
      {
        "type": "header",
        "content": "Cart addons"
      },
      {
        "type": "checkbox",
        "id": "cart_notes_enable",
        "label": "Show cart note",
        "default": true
      },
      {
        "type": "checkbox",
        "id": "discount_code_enable",
        "label": "Show discount code",
        "default": false
      },
      {
        "type": "checkbox",
        "id": "cart_estimate_shipping",
        "label": "Show estimate shipping rates",
        "default": true
      },
      {
        "type": "checkbox",
        "id": "show_delivery_days",
        "label": "Show delivery days for estimate shipping",
        "default": false
      },
      {
        "type": "text",
        "id": "default_country_estimate_shipping",
        "label": "Default country for estimate shipping",
        "default": "United States",
        "info": "Default country for estimate shipping rates form. Enter country name, for example: United States. Refer to the country name [here](https://zest-docs.foxecom.com/theme-settings/cart#3.-country-code)"
      },
      {
        "type": "image_picker",
        "id": "cart_drawer_trust_badge",
        "label": "Trust badge"
      }
    ]
  },
  {
    "name": "Search",
    "settings": [
      {
        "type": "checkbox",
        "id": "enable_predictive_search",
        "label": "Enable predictive search",
        "default": true,
        "info": "Enable predictive search so that suggested results appear immediately as you type into the search field. [Learn more](https://shopify.dev/themes/navigation-search/search/predictive-search)"
      },
      {
        "type": "checkbox",
        "id": "search_by_tag",
        "label": "Search by product's tags",
        "default": false
      },
      {
        "type": "checkbox",
        "id": "search_by_body",
        "label": "Search by product's description",
        "default": false
      },
      {
        "type": "paragraph",
        "content": "The default fields searched on are 'title', 'product_type', 'variants.title', and 'vendor'. For the best search experience, you should search on the default field set, or as few fields as possible."
      },
      {
        "type": "textarea",
        "id": "popular_search_queries",
        "label": "Popular searches",
        "default": "T-Shirt, Blue, Jacket",
        "info": "Separate by \",\"",
        "placeholder": "Vintage, T-Shirt, Blue, Jacket"
      },
      {
        "type": "select",
        "id": "search_unavailable_products",
        "label": "Results for unavailable products",
        "options": [
          {
            "value": "show",
            "label": "Show"
          },
          {
            "value": "hide",
            "label": "Hide"
          },
          {
            "value": "last",
            "label": "Show at last"
          }
        ],
        "default": "last"
      }
    ]
  },
  {
    "name": "Additional pages",
    "settings": [
      {
        "type": "page",
        "id": "wishlist_page",
        "label": "Wishlist Page"
      },
      {
        "type": "page",
        "id": "product_compare_page",
        "label": "Product comparison"
      }
    ]
  },
  {
    "name": "GDPR settings",
    "settings": [
      {
        "type": "paragraph",
        "content": "It is designed to help you comply with data privacy laws like EU Cookie Law, European GDPR or California CCPA."
      },
      {
        "type": "header",
        "content": "Terms & conditions checkbox"
      },
      {
        "type": "richtext",
        "id": "agree_text",
        "label": "Text",
        "default": "<p>I agree with the <a href=\"#\" title=\"#\">Terms & conditions<\/a><\/p>"
      },
      {
        "type": "checkbox",
        "id": "show_agree_on_cart",
        "label": "Show on cart page & cart drawer",
        "default": false
      },
      {
        "type": "checkbox",
        "id": "show_agree_on_product",
        "label": "Show on product page",
        "default": false
      },
      {
        "type": "checkbox",
        "id": "show_agree_on_register",
        "label": "Show on register page",
        "default": false
      },
      {
        "type": "header",
        "content": "Cookie consent"
      },
      {
        "type": "checkbox",
        "id": "show_cookie_consent",
        "label": "Show cookie consent",
        "default": false
      },
      {
        "type": "checkbox",
        "id": "cookie_design_mode",
        "label": "Design mode",
        "default": true
      },
      {
        "type": "textarea",
        "id": "cookie_consent_message",
        "label": "Message",
        "default": "This website uses cookies to ensure you get the best experience on our website."
      },
      {
        "type": "text",
        "id": "cookie_consent_allow",
        "label": "Allow button",
        "default": "Allow Cookies"
      },
      {
        "type": "text",
        "id": "cookie_consent_decline",
        "label": "Decline button",
        "info": "Leave blank to hide",
        "default": "Decline"
      },
      {
        "type": "text",
        "id": "cookie_consent_learnmore",
        "label": "Learn more text",
        "default": "Learn more"
      },
      {
        "type": "text",
        "id": "cookie_consent_learnmore_link",
        "label": "Learn more link",
        "info": "Leave blank to hide",
        "default": "https://www.cookiesandyou.com/"
      },
      {
        "type": "header",
        "content": "Design"
      },
      {
        "type": "select",
        "id": "cookie_consent_placement",
        "label": "Placement",
        "default": "bottom",
        "options": [
          {
            "value": "bottom",
            "label": "Bottom bar"
          },
          {
            "value": "bottom-left",
            "label": "Floating left"
          },
          {
            "value": "bottom-right",
            "label": "Floating right"
          }
        ]
      },
      {
        "type": "select",
        "id": "cookie_consent_theme",
        "label": "Theme",
        "default": "black",
        "options": [
          {
            "value": "white",
            "label": "Light"
          },
          {
            "value": "black",
            "label": "Dark"
          }
        ]
      }
    ]
  },
  {
    "name": "Integration",
    "settings": [
      {
        "type": "header",
        "content": "Google map API"
      },
      {
        "type": "text",
        "id": "gm_api",
        "label": "API Key",
        "info": "[Get Api Key](https://help.shopify.com/en/manual/online-store/themes/themes-by-shopify/vintage-themes/customizing-vintage-themes/map-section-api-key)"
      },
      {
        "type": "header",
        "content": "Instagram Token"
      },
      {
        "type": "text",
        "id": "instagram_token",
        "label": "Instagram Token",
        "default": "IGQVJXMTBwYTBabmJsdG9xZA0p2Q3RsLWhYc0RvSFI1cDZA6aG1jWEt5M3VpYVNWdV9tVmIweHF6UHBjNWxvVk1sUFQ4T0NJSHFuWksyVGVzTTB3RkozdGszeDJIbVU3MmVycTJzS1E5VGpZAX0dvVUE0RwZDZD",
        "info": "[Get Instagram token](https://docs.minimog.co/theme-sections/instagram)"
      }
    ]
  },
  {
    "name": "Advanced",
    "settings": [
      {
        "type": "html",
        "id": "custom_css",
        "label": "Custom CSS"
      }
    ]
  },
  {
    "name": "Integrated Apps",
    "settings": [
      {
        "type": "header",
        "content": "Product reviews"
      },
      {
        "type": "select",
        "id": "review_app",
        "label": "Product reviews app",
        "default": "shopify",
        "info": "Select your preferred app. If you are using another app, please put the snippet code of the app to file: snippets/other-review-app-snippet.liquid or contact us for help.",
        "options": [
          {
            "value": "shopify",
            "label": "Product reviews by Shopify"
          },
          {
            "value": "growave",
            "label": "Growave"
          },
          {
            "value": "judge",
            "label": "Judge.me"
          },
          {
            "value": "loox",
            "label": "Loox"
          },
          {
            "value": "ali_reviews",
            "label": "Ali Reviews"
          },
          {
            "value": "lai_reviews",
            "label": "LAI Product Reviews"
          },
          {
            "value": "stamped",
            "label": "Stamped Product Reviews & UGC"
          },
          {
            "value": "yotpo",
            "label": "Yotpo Product Reviews & Photos"
          },
          {
            "value": "automizely",
            "label": "Automizely Product Review App"
          },
          {
            "value": "other",
            "label": "Other"
          }
        ]
      },
      {
        "type": "header",
        "content": "Wishlist"
      },
      {
        "type": "select",
        "id": "wishlist_app",
        "label": "Wishlist app",
        "default": "theme",
        "info": "Select your preferred app",
        "options": [
          {
            "value": "theme",
            "label": "Built-in by Minimog"
          },
          {
            "value": "growave",
            "label": "Growave"
          }
        ]
      }
    ]
  },
  {
    "name": "Currency format",
    "settings": [
      {
        "type": "header",
        "content": "Currency codes"
      },
      {
        "type": "paragraph",
        "content": "Cart and checkout prices always show currency codes. Example: $1.00 USD."
      },
      {
        "type": "checkbox",
        "id": "currency_code_enabled",
        "label": "Show currency codes",
        "default": false
      }
    ]
  }
]
