{"current":{"favicon":"shopify:\/\/shop_images\/NOLASCO_6.png","use_ajax_atc":false,"container_width":1100,"animations":"fade-in-up","color_primary":"#000000","color_main_bg":"#ffffff","color_field_bg":"#ffffff","color_sub_text":"#666666","color_btn_bg":"#17a35d","color_btn_bg_hover":"#000000","prod_sale_price_color":"#666666","prod_type_color":"#666666","color_annoucement_bg":"#000000","color_annoucement_text":"#f8f8f8","color_topbar_bg":"#000000","color_topbar_text":"#ffffff","color_header_bg":"#ffffff","color_header_link":"#000000","color_header_transparent":"#000000","color_menu_bar_bg":"#000000","color_menu_bar_text":"#f8f8f8","color_footer_bg":"#efeded","color_footer_text":"#000000","color_footer_subtext":"#666666","color_footer_link_hover":"#000000","img_overlay_opacity":20,"tooltip_background_color":"#000000","type_base_font":"inter_n4","use_custom_font_body":false,"custom_body_font":"https:\/\/cdn.shopify.com\/s\/files\/1\/0561\/2742\/2636\/files\/Jost-Regular.ttf?v=1618297125@400\nhttps:\/\/cdn.shopify.com\/s\/files\/1\/0042\/0750\/9567\/files\/Jost-ExtraBold.ttf?v=1628613323@800\nhttps:\/\/cdn.shopify.com\/s\/files\/1\/0042\/0750\/9567\/files\/Jost-Medium.ttf?v=1622443602@500\nhttps:\/\/cdn.shopify.com\/s\/files\/1\/0561\/2742\/2636\/files\/Jost-Bold.ttf?v=1618297125@700","custom_body_weight":"400","type_header_font":"inter_n7","use_custom_font_heading":false,"custom_heading_font":"https:\/\/cdn.shopify.com\/s\/files\/1\/0561\/2742\/2636\/files\/Jost-Bold.ttf?v=1618297125@700\nhttps:\/\/cdn.shopify.com\/s\/files\/1\/0042\/0750\/9567\/files\/Jost-ExtraBold.ttf?v=1628613323@800\nhttps:\/\/cdn.shopify.com\/s\/files\/1\/0042\/0750\/9567\/files\/Jost-Medium.ttf?v=1622443602@500","custom_heading_weight":"700","type_header_base_size":34,"btn_base_size":14,"btn_letter_spacing":1,"btn_border_radius":22,"btn_weight":"700","pcard_layout":"1","pcard_alignment":"center","pcard_image_ratio":"1\/1","show_vendor":false,"uppercase_prd_name":true,"variant_option_design3":"color","product_colors":"red: #FF6961,\nyellow: #FDDA76,\nblack: #000000,\nblue: #8DB4D2,\ngreen: #C1E1C1,\npurple: #B19CD9,\nsilver: #EEEEEF,\nwhite: #FFFFFF,\nbrown: #836953,\nlight-brown: #feb035,\ndark-turquoise: #23cddc,\norange: #FFB347,\ntan: #E9D1BF,\nviolet: #B490B0,\npink: #FFD1DC,\ngrey: #E0E0E0,\nsky: #96BDC6,\npale-leaf: #CCD4BF","filter_color1":"","article_show_tags":true,"social_sharing_blog":false,"share_facebook":false,"share_twitter":false,"share_pinterest":false,"contact_phone_number":"","contact_email":"","social_twitter_link":"","social_facebook_link":"FACEBOOK.COM","social_pinterest_link":"","social_instagram_link":"INSTAGRAM.COM","social_tiktok_link":"TIKOK.COM","enable_cart_drawer":false,"cart_notes_enable":false,"cart_estimate_shipping":false,"default_country_estimate_shipping":"Brasil","popular_search_queries":"","wishlist_page":"wishlist","product_compare_page":"product-compare","agree_text":"","show_agree_on_product":false,"cookie_design_mode":false,"cookie_consent_message":"","cookie_consent_allow":"","cookie_consent_decline":"","cookie_consent_learnmore":"","cookie_consent_learnmore_link":"","gm_api":"","instagram_token":"","custom_css":".m-newsletter-form__wrapper {\n--color-border: #000;\n}\n.m-custom-hero .m-hero__content .m-hero__text {\n  color: var(--color-sub-text);\n}\n.m-menu .m-menu__item--parent .m-menu__link--main {\n  font-size: 14px;\n  font-weight: 700;\n}\n.m-custom-slideshow .m-slide__content .m-slide__subtitle {\n  font-weight: 800;\n  font-size: 14px;\n  margin-bottom: 10px;\n  letter-spacing: 1px;\n}\n\n.m-custom-collection-list .m-collection-card__info .m-collection-card__title {\n  font-size: 16px;\n  font-weight: 700;\n  line-height: 1.4;\n  letter-spacing: 0.5px;\n}\n.m-custom-hero .m-hero__title {\n  font-weight: 700;\n  letter-spacing: 2px;\n}\n\n.m-custom-hero .m-hero__text {\n  margin-bottom: 36px;\n}\n\n.m-product-card .m-product-card__title .m-product-card__name {\n  font-weight: 700;\n  font-size: 14px;\n}\n.m-custom-content-section .m-section-py {\n  border-top: 1px solid #eeeeee;\n}\n[data-section-type=\"icon-box\"] .m\\:column:nth-child(2) .m-icon-box {\n  border-width: 0 1px 0 1px;\n  border-style: solid;\n  border-color: #eeeeee;\n}\n[data-section-type=\"icon-box\"] .m-icon-box__content h3 {\n  font-size: 16px;\n  line-height: 23px;\n  margin-bottom: 10px;\n  letter-spacing: 0.5px;\n}\n.m-footer .m-footer--block .m-footer--block-title {\n  letter-spacing: 1px;\n  font-weight: 700;\n  font-size: 14px;\n}\n\n@media (min-width: 1024px) {\n  .m-footer--bottom-inner {\n    border-top: 1px solid #e0e0e0;\n  }\n}\n@media (min-width: 1280px) {\n  .m-footer--block-newsletter {\n    padding-right: 134px;\n  }\n  .m-footer--block-newsletter .m-footer--block-title {\n    font-size: 24px;\n  }\n}\n\n@media (min-width: 768px) {\n  .m-custom-hero .m-hero__content .m-hero__title {\n    font-size: 36px;\n    margin-bottom: 20px;\n  }\n}","show_variant_swatch_image":true,"use_theme_currencies":true,"theme_currencies":"USD | EUR | GBP | VND","content_for_index":[]},"presets":{"Default":{"sections":{"featured-collection":{"type":"featured-collection","settings":{"collection":"frontpage"}},"featured-product":{"type":"featured-product","settings":{}}},"content_for_index":["featured-collection","featured-product"]}}}