{"sections":{"breadcrumb":{"type":"breadcrumb","settings":{"container":"container","text_alignment":"center","hide_current":false,"hide_on_mb":false,"animations":"inherit"}},"main":{"type":"main-product","blocks":{"rating_YVQ4QM":{"type":"rating","settings":{}},"title":{"type":"title","settings":{}},"price":{"type":"price","settings":{"show_saving":true,"sale_badge_type":"percentage"}},"variant_picker":{"type":"variant_picker","settings":{"size_title":"Size"}},"buy_buttons":{"type":"buy_buttons","settings":{"show_quantity_selector":true,"show_atc_button":true,"show_dynamic_checkout":false,"show_gift_card_recipient":true}},"addons":{"type":"addons","settings":{"show_atcp":false,"show_ask_a_question":true,"show_social":true}},"shipping_9P3iB9":{"type":"shipping","settings":{"show_delivery_times":true,"deliver_text":"El tiempo de entrega:","deliver_days":"6","date_format":"%b %d","show_shipping_text":true,"shipping_text":"<p><strong>Garantía total: <\/strong>Hasta 7 días después de recibir el producto en casa.<\/p>"}}},"block_order":["rating_YVQ4QM","title","price","variant_picker","buy_buttons","addons","shipping_9P3iB9"],"settings":{"container":"container","layout":"layout-6","show_atwl":true,"enable_history_state":true,"enable_variant_group_images":false,"show_featured_media":true,"show_zoom_button":true,"enable_video_autoplay":false,"show_nav_media_mobile":false,"show_pagination_mobile":true,"use_sticky_atc":true,"use_sticky_atc_on_mobile":true,"enable_dynamic_checkout":false,"sticky_atc_wishtlist":false,"sticky_atc_compare":false}},"product-details-tabs":{"type":"product-details-tabs","blocks":{"description":{"type":"description","settings":{"header":"Descripción:"}}},"block_order":["description"],"settings":{"container":"container","bg_color":"","default_open":true,"animations":"inherit"}},"product-recommendations":{"type":"product-recommendations","disabled":true,"settings":{"container":"container","heading":"Você também pode gostar:","heading_size":"h3","text_align":"center","limit":8,"columns":4,"column_gap":30,"enable_slider":true,"use_scroll_mobile":true,"animations":"inherit"}},"recent-viewed-products":{"type":"recent-viewed-products","disabled":true,"settings":{"container":"container","heading":"Recently Viewed Products","heading_size":"h3","text_align":"left","limit":8,"columns":4,"column_gap":30,"enable_slider":true}}},"order":["breadcrumb","main","product-details-tabs","product-recommendations","recent-viewed-products"]}