{"type":"footer","name":"Footer","sections":{"footer":{"type":"footer","blocks":{"7b0bf4c6-3873-4222-b8d6-ce009e710078":{"type":"newsletter","settings":{"title":"Suscríbete a nuestro boletín","description":"Manténgase actualizado y reciba un 10% de descuento en su primera compra","email_placeholder":"Tu mejor correo electrónico","form_style":"minimal","show_social":false,"show_agree_checkbox":false,"width":"33%","order_first":true,"open_default":true}},"12ba5a79-51a6-413a-9802-6add59615034":{"type":"spacing","settings":{"width":"16%"}},"7ebc2f78-975b-4a81-b874-103c3355a866":{"type":"menu","settings":{"menu":"menu-principal-espanhol","title":"Institucional","width":"25%","order_first":false,"open_default":false}},"custom_text_pLCKjb":{"type":"custom_text","settings":{"title":"Contato","image_max":"200px","description":"<p><strong>E-mail: <br\/>WhatsApp: <\/strong><\/p>","width":"25%","order_first":false,"open_default":false}},"93571032-b171-4c66-8b3e-96cd91946363":{"type":"our_store","disabled":true,"settings":{"title":"Contato e Redes Sociais","description":"","show_email":true,"show_phone":true,"show_socials_link":true,"width":"25%","order_first":false,"open_default":false}}},"block_order":["7b0bf4c6-3873-4222-b8d6-ce009e710078","12ba5a79-51a6-413a-9802-6add59615034","7ebc2f78-975b-4a81-b874-103c3355a866","custom_text_pLCKjb","93571032-b171-4c66-8b3e-96cd91946363"],"settings":{"design":"footer-1","container":"container-fluid","bordered":false,"copyright":"© NOMBRE DE TU TIENDA AQUÍ","show_country_selector":false,"show_currency_selector":false,"show_language_selector":false,"show_social_links":false,"enable_follow_on_shop":true,"show_payment_icons":true,"payment_icons_width":100}},"mobile-sticky-bar":{"type":"mobile-sticky-bar","settings":{"show_mobile_sticky":true,"show_home_icon":true,"show_collection_icon":true,"show_cart_icon":true,"show_search_icon":true,"show_account_icon":false,"show_wishlist_icon":false}},"age-verifier-popup":{"type":"age-verifier-popup","blocks":{"block-1":{"type":"heading","settings":{"heading":"Confirm your age"}},"block-2":{"type":"text","settings":{"text":"<p>Are you 18 years old or older?<\/p>"}},"block-3":{"type":"buttons","settings":{"decline_button":"No, I'm not","approve_button":"Yes, I am"}}},"block_order":["block-1","block-2","block-3"],"settings":{"design_mode":false,"enable":false,"bg_blur":true,"decline_heading":"Come back when you're older","decline_content":"<p>Sorry, the content of this store can't be seen by a younger audience. Come back when you're older.<\/p>","return_button":"Oops, I entered incorrectly"}}},"order":["footer","mobile-sticky-bar","age-verifier-popup"]}