{"type":"header","name":"Header","sections":{"annoucement":{"type":"annoucement","disabled":true,"settings":{"show_announcement":true,"homepage_only":false,"show_close":true,"message":"<span class=\"font-medium\" style=\"font-size: 14px;\">ENVÍO GRATIS<\/span>","message_link":"","show_divider":false}},"header":{"type":"header","blocks":{"5e153016-a9d7-46c9-a10e-30d16446793d":{"type":"topbar","settings":{"show_divider":true,"show_phone_numb":false,"show_email":false,"show_social_links":true,"show_stores_page":false,"show_currency_switcher":true,"show_country_selector":false,"show_language_switcher":false,"alert_message":"<span> ENVÍO GRATIS <a class=\"sf__text-link  ml-1 underline\" href=\"#\"><\/a><span><\/span><\/span>"}}},"block_order":["5e153016-a9d7-46c9-a10e-30d16446793d"],"settings":{"header_design":"logo-left-menu-center","container":"container-fluid","header_sticky":false,"transparent_on_top":false,"logo_text":"LOGOTIPO AQUÍ","logo_svg":"","logo_mobile_svg":"","logo_transparent_svg":"","logo_max_width":145,"sticky_logo_max_width":145,"mobile_logo_max_width":110,"main_menu":"menu-principal-espanhol","secondary_menu":"","mobile_menu":"","uppercase_parent_level":false,"show_menu_column_divider":true,"search":"show_icon","show_account_icon":false,"show_cart_icon":true,"show_wishlist_icon":false,"show_compare_icon":false,"show_currency_switcher":false,"show_country_selector":false,"show_language_switcher":false,"mb_show_currency_switcher":false,"mb_show_country_selector":false,"mb_show_language_switcher":false}}},"order":["annoucement","header"]}